-- phpMyAdmin SQL Dump
-- version 5.2.1
-- https://www.phpmyadmin.net/
--
-- Host: 127.0.0.1
-- Generation Time: Jan 03, 2024 at 02:10 PM
-- Server version: 10.4.28-MariaDB
-- PHP Version: 8.2.4

SET SQL_MODE = "NO_AUTO_VALUE_ON_ZERO";
START TRANSACTION;
SET time_zone = "+00:00";


/*!40101 SET @OLD_CHARACTER_SET_CLIENT=@@CHARACTER_SET_CLIENT */;
/*!40101 SET @OLD_CHARACTER_SET_RESULTS=@@CHARACTER_SET_RESULTS */;
/*!40101 SET @OLD_COLLATION_CONNECTION=@@COLLATION_CONNECTION */;
/*!40101 SET NAMES utf8mb4 */;

--
-- Database: `donation_managment`
--

-- --------------------------------------------------------

--
-- Table structure for table `accounts`
--

CREATE TABLE `accounts` (
  `id` bigint(20) UNSIGNED NOT NULL,
  `name` varchar(255) NOT NULL,
  `status` enum('Active','Inactive') NOT NULL DEFAULT 'Active',
  `created_at` timestamp NULL DEFAULT NULL,
  `updated_at` timestamp NULL DEFAULT NULL
) ENGINE=InnoDB DEFAULT CHARSET=utf8mb4 COLLATE=utf8mb4_unicode_ci;

--
-- Dumping data for table `accounts`
--

INSERT INTO `accounts` (`id`, `name`, `status`, `created_at`, `updated_at`) VALUES
(1, 'Expenses', 'Active', '2023-09-28 13:01:30', '2023-09-28 13:01:30');

-- --------------------------------------------------------

--
-- Table structure for table `categories`
--

CREATE TABLE `categories` (
  `id` bigint(20) UNSIGNED NOT NULL,
  `name` varchar(255) NOT NULL,
  `status` enum('Active','Inactive') NOT NULL DEFAULT 'Active',
  `created_at` timestamp NULL DEFAULT NULL,
  `updated_at` timestamp NULL DEFAULT NULL,
  `deleted_at` timestamp NULL DEFAULT NULL
) ENGINE=InnoDB DEFAULT CHARSET=utf8mb4 COLLATE=utf8mb4_unicode_ci;

--
-- Dumping data for table `categories`
--

INSERT INTO `categories` (`id`, `name`, `status`, `created_at`, `updated_at`, `deleted_at`) VALUES
(1, 'Jwellers', 'Active', '2023-09-30 08:11:08', '2023-09-30 08:11:08', NULL),
(2, 'General Store', 'Active', '2023-09-30 08:11:27', '2023-09-30 08:11:27', NULL),
(3, 'Shoes', 'Active', '2023-09-30 08:11:51', '2023-09-30 08:11:51', NULL),
(4, 'Garments', 'Active', '2023-09-30 08:12:36', '2023-09-30 08:12:36', NULL),
(5, 'Suiting', 'Active', '2023-09-30 09:30:14', '2023-09-30 09:30:14', NULL),
(6, 'Burger Shop', 'Active', '2023-10-01 05:19:33', '2023-10-01 05:19:33', NULL),
(7, 'Sweets', 'Active', '2023-10-01 05:19:50', '2023-10-01 05:19:50', NULL),
(8, 'Rangai', 'Active', '2023-10-01 05:20:07', '2023-10-01 05:20:07', NULL),
(9, 'Bag Shop', 'Active', '2023-10-01 05:20:21', '2023-10-01 05:20:21', NULL),
(10, 'Crockery', 'Active', '2023-10-01 05:20:42', '2023-10-01 05:20:42', NULL),
(11, 'Hati', 'Active', '2023-10-01 05:20:55', '2023-10-01 05:20:55', NULL),
(12, 'Cosmatics', 'Active', '2023-10-01 05:21:09', '2023-10-01 05:21:09', NULL),
(13, 'Qasai', 'Active', '2023-10-01 05:21:20', '2023-10-01 05:21:20', NULL),
(14, 'Undergarments', 'Active', '2023-10-01 05:21:34', '2023-10-01 05:21:34', NULL),
(15, 'Bakers', 'Active', '2023-10-01 05:21:51', '2023-10-01 05:21:51', NULL),
(16, 'Vegetables', 'Active', '2023-10-01 05:22:02', '2023-10-01 05:22:02', NULL),
(17, 'General Store', 'Active', '2023-10-01 05:22:15', '2023-10-01 05:22:15', NULL),
(18, 'Decoration', 'Active', '2023-10-01 05:22:28', '2023-10-01 05:22:28', NULL),
(19, 'Bengals', 'Active', '2023-10-01 05:22:42', '2023-10-01 05:22:42', NULL),
(20, 'Watches', 'Active', '2023-10-01 05:22:53', '2023-10-01 05:22:53', NULL),
(21, 'Pan Shop', 'Active', '2023-10-01 05:23:05', '2023-10-01 05:23:05', NULL),
(22, 'Kaj Overlock Kingari', 'Active', '2023-10-01 05:23:42', '2023-10-01 05:23:42', NULL),
(23, 'Baby Care', 'Active', '2023-10-01 05:48:19', '2023-10-01 05:48:19', NULL),
(24, 'Hakeem', 'Active', '2023-10-01 05:48:32', '2023-10-01 05:48:32', NULL),
(25, 'Toy Shop', 'Active', '2023-10-01 06:25:04', '2023-10-01 06:25:04', NULL);

-- --------------------------------------------------------

--
-- Table structure for table `category_shopkeeper`
--

CREATE TABLE `category_shopkeeper` (
  `id` bigint(20) UNSIGNED NOT NULL,
  `category_id` bigint(20) UNSIGNED NOT NULL,
  `shopkeeper_id` bigint(20) UNSIGNED NOT NULL
) ENGINE=InnoDB DEFAULT CHARSET=utf8mb4 COLLATE=utf8mb4_unicode_ci;

--
-- Dumping data for table `category_shopkeeper`
--

INSERT INTO `category_shopkeeper` (`id`, `category_id`, `shopkeeper_id`) VALUES
(1, 4, 2),
(2, 4, 3),
(3, 5, 3),
(4, 5, 4),
(5, 1, 5),
(6, 5, 5),
(7, 1, 6),
(8, 1, 7),
(9, 1, 8),
(10, 1, 9),
(11, 3, 10),
(12, 3, 11),
(13, 3, 17),
(14, 5, 18),
(15, 4, 20),
(16, 5, 21),
(17, 4, 24),
(18, 4, 26),
(19, 4, 27),
(20, 4, 28),
(21, 5, 30),
(22, 4, 36),
(23, 3, 37),
(24, 1, 38),
(25, 4, 39),
(26, 3, 40),
(27, 4, 43),
(28, 3, 44),
(29, 3, 45),
(30, 5, 46),
(31, 5, 48),
(32, 5, 51),
(33, 5, 56),
(34, 5, 57),
(35, 4, 58),
(36, 5, 59),
(37, 3, 62),
(38, 3, 63),
(39, 3, 67),
(40, 3, 70),
(41, 3, 72),
(42, 4, 74),
(43, 3, 76),
(44, 5, 77),
(45, 5, 79),
(46, 5, 81),
(47, 1, 83),
(48, 6, 13),
(49, 7, 14),
(50, 8, 15),
(51, 9, 16),
(52, 10, 19),
(53, 11, 22),
(54, 12, 23),
(55, 11, 25),
(56, 13, 29),
(57, 12, 32),
(58, 14, 34),
(59, 10, 41),
(60, 9, 42),
(61, 5, 47),
(62, 10, 49),
(63, 10, 50),
(64, 15, 53),
(65, 16, 54),
(66, 2, 55),
(67, 8, 60),
(68, 12, 61),
(69, 2, 64),
(70, 2, 65),
(71, 2, 66),
(72, 18, 68),
(73, 16, 69),
(74, 16, 71),
(75, 19, 73),
(76, 20, 75),
(77, 21, 78),
(78, 19, 80),
(79, 20, 82),
(80, 2, 84),
(81, 3, 85),
(82, 3, 86),
(83, 3, 1),
(84, 3, 87),
(85, 2, 88),
(86, 3, 89),
(87, 3, 90),
(88, 3, 91),
(89, 5, 92),
(90, 5, 93),
(91, 5, 94),
(92, 3, 95),
(93, 22, 96),
(94, 3, 97),
(95, 3, 98),
(96, 9, 99),
(97, 2, 100),
(98, 22, 101),
(99, 3, 103),
(100, 3, 104),
(101, 3, 105),
(102, 4, 106),
(103, 10, 107),
(104, 23, 12),
(105, 24, 31),
(106, 25, 35),
(107, 4, 102),
(108, 16, 33),
(109, 3, 113),
(110, 3, 114),
(111, 9, 116),
(112, 12, 115),
(113, 5, 117),
(114, 4, 118),
(115, 16, 119),
(116, 4, 120),
(117, 5, 121);

-- --------------------------------------------------------

--
-- Table structure for table `expenses`
--

CREATE TABLE `expenses` (
  `id` bigint(20) UNSIGNED NOT NULL,
  `account` int(10) UNSIGNED NOT NULL,
  `narration` varchar(255) DEFAULT NULL,
  `amount` varchar(255) DEFAULT NULL,
  `bill_no` varchar(255) DEFAULT NULL,
  `date` date DEFAULT NULL,
  `created_at` timestamp NULL DEFAULT NULL,
  `updated_at` timestamp NULL DEFAULT NULL,
  `month` varchar(255) NOT NULL
) ENGINE=InnoDB DEFAULT CHARSET=utf8mb4 COLLATE=utf8mb4_unicode_ci;

--
-- Dumping data for table `expenses`
--

INSERT INTO `expenses` (`id`, `account`, `narration`, `amount`, `bill_no`, `date`, `created_at`, `updated_at`, `month`) VALUES
(1, 1, 'Expense', '30260', NULL, '2023-09-20', '2023-09-28 13:02:45', '2023-09-28 13:02:45', '9'),
(4, 1, 'Expense', '9350', NULL, '2023-10-19', '2023-10-19 11:37:17', '2023-10-19 11:37:17', '10'),
(14, 1, 'Expense', '42500', NULL, '2023-10-20', '2023-12-12 14:14:06', '2023-12-12 14:14:06', '12');

-- --------------------------------------------------------

--
-- Table structure for table `failed_jobs`
--

CREATE TABLE `failed_jobs` (
  `id` bigint(20) UNSIGNED NOT NULL,
  `uuid` varchar(255) NOT NULL,
  `connection` text NOT NULL,
  `queue` text NOT NULL,
  `payload` longtext NOT NULL,
  `exception` longtext NOT NULL,
  `failed_at` timestamp NOT NULL DEFAULT current_timestamp()
) ENGINE=InnoDB DEFAULT CHARSET=utf8mb4 COLLATE=utf8mb4_unicode_ci;

-- --------------------------------------------------------

--
-- Table structure for table `funds`
--

CREATE TABLE `funds` (
  `id` bigint(20) UNSIGNED NOT NULL,
  `shopkeeper_id` varchar(255) NOT NULL,
  `name` varchar(255) DEFAULT NULL,
  `month` varchar(255) DEFAULT NULL,
  `year` varchar(255) DEFAULT NULL,
  `amount` varchar(255) DEFAULT NULL,
  `due_amount` varchar(255) DEFAULT NULL,
  `created_at` timestamp NULL DEFAULT NULL,
  `updated_at` timestamp NULL DEFAULT NULL
) ENGINE=InnoDB DEFAULT CHARSET=utf8mb4 COLLATE=utf8mb4_unicode_ci;

-- --------------------------------------------------------

--
-- Table structure for table `migrations`
--

CREATE TABLE `migrations` (
  `id` int(10) UNSIGNED NOT NULL,
  `migration` varchar(255) NOT NULL,
  `batch` int(11) NOT NULL
) ENGINE=InnoDB DEFAULT CHARSET=utf8mb4 COLLATE=utf8mb4_unicode_ci;

--
-- Dumping data for table `migrations`
--

INSERT INTO `migrations` (`id`, `migration`, `batch`) VALUES
(1, '2014_10_12_000000_create_users_table', 1),
(2, '2014_10_12_100000_create_password_reset_tokens_table', 1),
(3, '2019_08_19_000000_create_failed_jobs_table', 1),
(4, '2019_12_14_000001_create_personal_access_tokens_table', 1),
(5, '2023_09_11_114940_create_shopkeepers_table', 1),
(6, '2023_09_12_115703_create_funds_table', 1),
(7, '2023_09_20_125030_create_recieve_funds_table', 2),
(8, '2023_09_21_120702_create_recieve_funds_table', 3),
(9, '2023_09_22_123838_create_accounts_table', 4),
(10, '2023_09_23_132351_create_expenses_table', 5),
(11, '2023_09_23_134010_create_expenses_table', 6),
(12, '2023_09_24_154104_create_expenses_table', 7),
(13, '2023_09_26_161334_create_shopkeepers_table', 8),
(14, '2023_09_27_112338_create_shopkeepers_table', 9),
(15, '2023_09_27_113226_create_shopkeepers_table', 10),
(16, '2023_09_27_125535_create_categories_table', 11),
(17, '2023_09_28_101042_create_category_shopkeeper_table', 12),
(18, '2023_09_28_133601_create_soft_delete_to_categories', 13),
(19, '2023_09_29_123816_create_funds_table', 14),
(20, '2023_10_19_163913_create_remaining_fund_table', 15),
(21, '2023_10_19_164828_create_remaining_funds_table', 16),
(22, '2023_11_18_081234_create_remaining_funds_table', 17),
(23, '2023_12_12_114524_add_month_column_to_expenses_table', 18);

-- --------------------------------------------------------

--
-- Table structure for table `password_reset_tokens`
--

CREATE TABLE `password_reset_tokens` (
  `email` varchar(255) NOT NULL,
  `token` varchar(255) NOT NULL,
  `created_at` timestamp NULL DEFAULT NULL
) ENGINE=InnoDB DEFAULT CHARSET=utf8mb4 COLLATE=utf8mb4_unicode_ci;

-- --------------------------------------------------------

--
-- Table structure for table `personal_access_tokens`
--

CREATE TABLE `personal_access_tokens` (
  `id` bigint(20) UNSIGNED NOT NULL,
  `tokenable_type` varchar(255) NOT NULL,
  `tokenable_id` bigint(20) UNSIGNED NOT NULL,
  `name` varchar(255) NOT NULL,
  `token` varchar(64) NOT NULL,
  `abilities` text DEFAULT NULL,
  `last_used_at` timestamp NULL DEFAULT NULL,
  `expires_at` timestamp NULL DEFAULT NULL,
  `created_at` timestamp NULL DEFAULT NULL,
  `updated_at` timestamp NULL DEFAULT NULL
) ENGINE=InnoDB DEFAULT CHARSET=utf8mb4 COLLATE=utf8mb4_unicode_ci;

-- --------------------------------------------------------

--
-- Table structure for table `recieve_funds`
--

CREATE TABLE `recieve_funds` (
  `id` bigint(20) UNSIGNED NOT NULL,
  `shopkeeper_id` varchar(255) DEFAULT NULL,
  `name` varchar(255) DEFAULT NULL,
  `amount` varchar(255) DEFAULT NULL,
  `due_amount` varchar(255) DEFAULT NULL,
  `month` varchar(255) DEFAULT NULL,
  `year` varchar(255) DEFAULT NULL,
  `date` varchar(255) DEFAULT NULL,
  `created_at` timestamp NULL DEFAULT NULL,
  `updated_at` timestamp NULL DEFAULT NULL
) ENGINE=InnoDB DEFAULT CHARSET=utf8mb4 COLLATE=utf8mb4_unicode_ci;

--
-- Dumping data for table `recieve_funds`
--

INSERT INTO `recieve_funds` (`id`, `shopkeeper_id`, `name`, `amount`, `due_amount`, `month`, `year`, `date`, `created_at`, `updated_at`) VALUES
(1, '1', 'Mian Muhammad Amjad', '1000', '1000', '9', '2023', '2023-09-30', '2023-09-30 06:49:21', '2023-09-30 06:49:21'),
(2, '2', 'Khizar Garments Khurram Shahzad', '1000', '1000', '9', '2023', '2023-09-30', '2023-09-30 06:49:54', '2023-09-30 06:49:54'),
(3, '3', 'Prince Umair Suiting and Garments Muhammad Bilal', '1000', '1000', '9', '2023', '2023-09-30', '2023-09-30 06:50:08', '2023-09-30 06:50:08'),
(4, '4', 'Abubkr Suiting Center Umer Usman', '1500', '1500', '9', '2023', '2023-09-30', '2023-09-30 06:50:25', '2023-09-30 06:50:25'),
(5, '5', 'Umar Jweller Chand Cloth Haji Shahid', '1500', '1500', '9', '2023', '2023-09-30', '2023-09-30 06:50:52', '2023-09-30 06:50:52'),
(6, '6', 'Shahbaz Jwellers', '1000', '1000', '9', '2023', '2023-09-30', '2023-09-30 06:51:08', '2023-09-30 06:51:08'),
(7, '7', 'Ajaz Jwellers', '1000', '1000', '9', '2023', '2023-09-30', '2023-09-30 06:51:24', '2023-09-30 06:51:24'),
(8, '8', 'Abdullah Jwellers', '1000', '1000', '9', '2023', '2023-09-30', '2023-09-30 06:51:35', '2023-09-30 06:51:35'),
(9, '9', 'Irfan Jwellers', '1000', '1000', '9', '2023', '2023-09-30', '2023-09-30 06:51:52', '2023-09-30 06:51:52'),
(10, '10', 'Welcome Shoes', '1000', '1000', '9', '2023', '2023-09-30', '2023-09-30 06:52:05', '2023-09-30 06:52:05'),
(11, '11', 'Bano Shoes', '1000', '1000', '9', '2023', '2023-09-30', '2023-09-30 06:52:53', '2023-09-30 06:52:53'),
(12, '12', 'Rana Baby Care', '1000', '1000', '9', '2023', '2023-09-30', '2023-09-30 06:53:08', '2023-09-30 06:53:08'),
(13, '13', 'Dilawar Burger Baber Hussain', '1000', '1000', '9', '2023', '2023-09-30', '2023-09-30 06:53:23', '2023-09-30 06:53:23'),
(14, '14', 'Dilawer Sweets Shafkat Mehmood', '1000', '1000', '9', '2023', '2023-09-30', '2023-09-30 06:53:44', '2023-09-30 06:53:44'),
(15, '15', 'Rangai Wale Qurban Haider', '500', '500', '9', '2023', '2023-09-30', '2023-09-30 06:54:04', '2023-09-30 06:54:04'),
(16, '16', 'Abdullah Bag Center', '500', '500', '9', '2023', '2023-09-30', '2023-09-30 06:54:25', '2023-09-30 06:54:25'),
(17, '17', 'Aliyan Shoes', '500', '500', '9', '2023', '2023-09-30', '2023-09-30 06:54:39', '2023-09-30 06:54:39'),
(18, '18', 'Amjad Cloth House', '500', '500', '9', '2023', '2023-09-30', '2023-09-30 06:54:53', '2023-09-30 06:54:53'),
(19, '19', 'Al Hafz Crackry Store', '500', '500', '9', '2023', '2023-09-30', '2023-09-30 06:55:14', '2023-09-30 06:55:14'),
(20, '20', 'Shahbaz Garments', '500', '500', '9', '2023', '2023-09-30', '2023-09-30 06:55:31', '2023-09-30 06:55:31'),
(21, '21', 'Shazam Cloth', '500', '500', '9', '2023', '2023-09-30', '2023-09-30 06:56:03', '2023-09-30 06:56:03'),
(22, '22', 'Hakeema Di Hati', '500', '500', '9', '2023', '2023-09-30', '2023-09-30 06:56:22', '2023-09-30 06:56:22'),
(23, '23', 'Iman Cosmetics', '500', '500', '9', '2023', '2023-09-30', '2023-09-30 06:56:38', '2023-09-30 06:56:38'),
(24, '24', 'New Dubai Garments Hafz Luqmaan', '500', '500', '9', '2023', '2023-09-30', '2023-09-30 06:56:58', '2023-09-30 06:56:58'),
(25, '25', 'Bahadur Di Hati', '500', '500', '9', '2023', '2023-09-30', '2023-09-30 06:57:14', '2023-09-30 06:57:14'),
(26, '26', 'Madni Garments Muhammad Araf', '500', '500', '9', '2023', '2023-09-30', '2023-09-30 06:57:32', '2023-09-30 06:57:32'),
(27, '27', 'Qasim Garments', '500', '500', '9', '2023', '2023-09-30', '2023-09-30 06:57:53', '2023-09-30 06:57:53'),
(28, '28', 'Waqas Garments', '500', '500', '9', '2023', '2023-09-30', '2023-09-30 06:58:14', '2023-09-30 06:58:14'),
(29, '29', 'Haider Qasai', '500', '500', '9', '2023', '2023-09-30', '2023-09-30 06:58:31', '2023-09-30 06:58:31'),
(30, '30', 'Sufyan Cloth', '500', '500', '9', '2023', '2023-09-30', '2023-09-30 06:58:45', '2023-09-30 06:58:45'),
(31, '31', 'Hakeem Shoaib', '500', '500', '9', '2023', '2023-09-30', '2023-09-30 06:59:03', '2023-09-30 06:59:03'),
(32, '32', 'Nadar Cosmatics', '300', '300', '9', '2023', '2023-09-30', '2023-09-30 06:59:18', '2023-09-30 06:59:18'),
(33, '33', 'Chachu Akbar', '300', '300', '9', '2023', '2023-09-30', '2023-09-30 06:59:35', '2023-09-30 06:59:35'),
(34, '34', 'Ahmad Undergarments', '300', '300', '9', '2023', '2023-09-30', '2023-09-30 06:59:53', '2023-09-30 06:59:53'),
(35, '35', 'Waheed Ahmad', '300', '300', '9', '2023', '2023-09-30', '2023-09-30 07:00:13', '2023-09-30 07:00:13'),
(36, '36', 'Al Madina Garments Saleem Bhai', '300', '300', '9', '2023', '2023-09-30', '2023-09-30 07:00:33', '2023-09-30 07:00:33'),
(37, '37', 'Bandan Shoes Muhammad Zeeshan', '300', '300', '9', '2023', '2023-09-30', '2023-09-30 07:00:51', '2023-09-30 07:00:51'),
(38, '38', 'Bhai Bhai Jwellers Hamza', '300', '300', '9', '2023', '2023-09-30', '2023-09-30 07:01:09', '2023-09-30 07:01:09'),
(39, '39', 'Anmol Garments', '300', '300', '9', '2023', '2023-09-30', '2023-09-30 07:01:26', '2023-09-30 07:01:26'),
(40, '40', 'Fyaz Shoes', '300', '300', '9', '2023', '2023-09-30', '2023-09-30 07:01:46', '2023-09-30 07:01:46'),
(41, '41', 'Irfan Crockry Store', '300', '300', '9', '2023', '2023-09-30', '2023-09-30 07:02:04', '2023-09-30 07:02:04'),
(42, '42', 'Zain Bag Center', '300', '300', '9', '2023', '2023-09-30', '2023-09-30 07:02:21', '2023-09-30 07:02:21'),
(43, '43', 'Muhammad Irfan Garments', '300', '300', '9', '2023', '2023-09-30', '2023-09-30 07:02:40', '2023-09-30 07:02:40'),
(44, '44', 'Muhammad Naeem Shoes', '300', '300', '9', '2023', '2023-09-30', '2023-09-30 07:02:57', '2023-09-30 07:02:57'),
(45, '45', 'Ahsan Shoes', '300', '300', '9', '2023', '2023-09-30', '2023-09-30 07:03:17', '2023-09-30 07:03:17'),
(46, '46', 'Ramzan Suiting Center', '300', '300', '9', '2023', '2023-09-30', '2023-09-30 07:03:45', '2023-09-30 07:03:45'),
(47, '47', 'Dubai Burkha Center', '300', '300', '9', '2023', '2023-09-30', '2023-09-30 07:04:16', '2023-09-30 07:04:16'),
(48, '48', 'Butt Suiting Center', '300', '300', '9', '2023', '2023-09-30', '2023-09-30 07:04:48', '2023-09-30 07:04:48'),
(49, '49', 'Sheikh Burton Store', '300', '300', '9', '2023', '2023-09-30', '2023-09-30 07:05:05', '2023-09-30 07:05:05'),
(50, '50', 'Mohsin Burton Store', '200', '200', '9', '2023', '2023-09-30', '2023-09-30 07:05:45', '2023-09-30 07:05:45'),
(51, '51', 'Baber Cloth House', '500', '500', '9', '2023', '2023-09-30', '2023-09-30 07:06:09', '2023-09-30 07:06:09'),
(52, '53', 'Subhan Bakers', '500', '500', '9', '2023', '2023-09-30', '2023-09-30 07:06:24', '2023-09-30 07:06:24'),
(53, '54', 'Abbas Sabzi Wala', '300', '300', '9', '2023', '2023-09-30', '2023-09-30 07:06:40', '2023-09-30 07:06:40'),
(54, '55', 'Dubai General Store', '500', '500', '9', '2023', '2023-09-30', '2023-09-30 07:06:59', '2023-09-30 07:06:59'),
(55, '56', 'Bhai Bhai Cloth Waseem and Shahid', '500', '500', '9', '2023', '2023-09-30', '2023-09-30 07:07:17', '2023-09-30 07:07:17'),
(56, '57', 'Araf Cloth', '500', '500', '9', '2023', '2023-09-30', '2023-09-30 07:07:35', '2023-09-30 07:07:35'),
(57, '58', 'Araf Mohsin Garments', '500', '500', '9', '2023', '2023-09-30', '2023-09-30 07:08:51', '2023-09-30 07:08:51'),
(58, '59', 'Shehbaz Suiting Center', '1000', '1000', '9', '2023', '2023-09-30', '2023-09-30 07:09:10', '2023-09-30 07:09:10'),
(59, '60', 'Sohail Rangai Wala', '500', '500', '9', '2023', '2023-09-30', '2023-09-30 07:09:27', '2023-09-30 07:09:27'),
(60, '61', 'Walait Gift Center Saeed Bhai', '500', '500', '9', '2023', '2023-09-30', '2023-09-30 07:09:45', '2023-09-30 07:09:45'),
(61, '62', 'Mahtaj Shoes', '500', '500', '9', '2023', '2023-09-30', '2023-09-30 07:10:11', '2023-09-30 07:10:11'),
(62, '63', 'Nawaz Shoes', '300', '300', '9', '2023', '2023-09-30', '2023-09-30 07:10:47', '2023-09-30 07:10:47'),
(63, '64', 'Jalander General Store Sajjid Bhai', '1000', '1000', '9', '2023', '2023-09-30', '2023-09-30 07:11:26', '2023-09-30 07:11:26'),
(64, '65', 'Yousaf General Store', '500', '500', '9', '2023', '2023-09-30', '2023-09-30 07:11:42', '2023-09-30 07:11:42'),
(65, '66', 'Aziz General Store', '500', '500', '9', '2023', '2023-09-30', '2023-09-30 07:12:05', '2023-09-30 07:12:05'),
(66, '67', 'Munawer Shoes', '300', '300', '9', '2023', '2023-09-30', '2023-09-30 07:12:25', '2023-09-30 07:12:25'),
(67, '68', 'Shehzad Decoration', '300', '300', '9', '2023', '2023-09-30', '2023-09-30 07:12:44', '2023-09-30 07:12:44'),
(68, '69', 'Sabzi Wala Malik Buta', '300', '300', '9', '2023', '2023-09-30', '2023-09-30 07:13:02', '2023-09-30 07:13:02'),
(69, '70', 'Shahid Shoes', '500', '500', '9', '2023', '2023-09-30', '2023-09-30 07:13:24', '2023-09-30 07:13:24'),
(70, '71', 'Malik Sabzi Wala', '250', '250', '9', '2023', '2023-09-30', '2023-09-30 07:13:46', '2023-09-30 07:13:46'),
(71, '72', 'Malik Sheraz Shoes', '250', '250', '9', '2023', '2023-09-30', '2023-09-30 07:14:07', '2023-09-30 07:14:07'),
(72, '73', 'Shah G Bangel Shop Raza Bhai', '500', '500', '9', '2023', '2023-09-30', '2023-09-30 07:14:44', '2023-09-30 07:14:44'),
(73, '74', 'Malik Garments', '500', '500', '9', '2023', '2023-09-30', '2023-09-30 07:15:05', '2023-09-30 07:15:05'),
(74, '75', 'Khan Watch Shop Hafeez', '500', '500', '9', '2023', '2023-09-30', '2023-09-30 07:15:24', '2023-09-30 07:15:24'),
(75, '76', 'Khan Shoes Hafeez', '500', '500', '9', '2023', '2023-09-30', '2023-09-30 07:15:46', '2023-09-30 07:15:46'),
(76, '77', 'Zulfiqar Cloth House', '500', '500', '9', '2023', '2023-09-30', '2023-09-30 07:16:06', '2023-09-30 07:16:06'),
(77, '78', 'Asif Pan Shop', '500', '500', '9', '2023', '2023-09-30', '2023-09-30 07:16:37', '2023-09-30 07:16:37'),
(78, '79', 'Butt Cloth House Hubaib Bhai', '1000', '1000', '9', '2023', '2023-09-30', '2023-09-30 07:16:55', '2023-09-30 07:16:55'),
(79, '80', 'Ansari Bengals Shop Shahid', '1000', '1000', '9', '2023', '2023-09-30', '2023-09-30 07:17:18', '2023-09-30 07:17:18'),
(80, '81', 'Zulifqar Suiting Center', '500', '500', '9', '2023', '2023-09-30', '2023-09-30 07:17:35', '2023-09-30 07:17:35'),
(81, '82', 'Mehboob Alahi Watch', '500', '500', '9', '2023', '2023-09-30', '2023-09-30 07:17:56', '2023-09-30 07:17:56'),
(82, '83', 'Imtiaz Jwellers', '500', '500', '9', '2023', '2023-09-30', '2023-09-30 07:18:18', '2023-09-30 07:18:18'),
(83, '84', 'Umer Butt General Store', '500', '500', '9', '2023', '2023-09-30', '2023-09-30 07:18:41', '2023-09-30 07:18:41'),
(84, '85', 'Naweed Shoes', '500', '500', '9', '2023', '2023-09-30', '2023-09-30 07:18:59', '2023-09-30 07:18:59'),
(85, '86', 'Umair Shoes', '500', '500', '9', '2023', '2023-09-30', '2023-09-30 07:19:22', '2023-09-30 07:19:22'),
(86, '87', 'Ramzan Shoes', '500', '500', '9', '2023', '2023-09-30', '2023-09-30 07:19:42', '2023-09-30 07:19:42'),
(87, '88', 'Jameel General Store', '500', '500', '9', '2023', '2023-09-30', '2023-09-30 07:20:04', '2023-09-30 07:20:04'),
(88, '89', 'Kaka Shoes Salman Ahmad', '500', '500', '9', '2023', '2023-09-30', '2023-09-30 07:20:24', '2023-09-30 07:20:24'),
(89, '90', 'Hafiz Shoes Tayyab Bhai', '500', '500', '9', '2023', '2023-09-30', '2023-09-30 07:20:43', '2023-09-30 07:20:43'),
(90, '91', 'Sheikh Shehryar Shoes', '500', '500', '9', '2023', '2023-09-30', '2023-09-30 07:21:10', '2023-09-30 07:21:10'),
(91, '92', 'Chohaan Cloth Shehzad Bhai', '500', '500', '9', '2023', '2023-09-30', '2023-09-30 07:21:30', '2023-09-30 07:21:30'),
(92, '93', 'Allah ho Cut Piece Furqan Ali', '300', '300', '9', '2023', '2023-09-30', '2023-09-30 07:21:52', '2023-09-30 07:21:52'),
(93, '94', 'Khurram Dupata Center', '300', '300', '9', '2023', '2023-09-30', '2023-09-30 07:22:16', '2023-09-30 07:22:16'),
(94, '95', 'China Shoes', '500', '500', '9', '2023', '2023-09-30', '2023-09-30 07:22:39', '2023-09-30 07:22:39'),
(95, '96', 'Bismillah Crosia Kingri Haji Imran', '300', '300', '9', '2023', '2023-09-30', '2023-09-30 07:23:01', '2023-09-30 07:23:01'),
(96, '98', 'Hira Butt Shoes', '300', '300', '9', '2023', '2023-09-30', '2023-09-30 07:23:45', '2023-09-30 07:23:45'),
(97, '99', 'Sheikh Ajaz Bag Wale', '300', '300', '9', '2023', '2023-09-30', '2023-09-30 07:24:14', '2023-09-30 07:24:14'),
(98, '100', 'Sheikh Masala Store Hamza Bhai', '300', '300', '9', '2023', '2023-09-30', '2023-09-30 07:24:42', '2023-09-30 07:24:42'),
(99, '101', 'Shaban Kaj Overlock', '300', '300', '9', '2023', '2023-09-30', '2023-09-30 07:25:03', '2023-09-30 07:25:03'),
(100, '102', 'Sheikh Usman Hozry', '300', '300', '9', '2023', '2023-09-30', '2023-09-30 07:25:26', '2023-09-30 07:25:26'),
(101, '103', 'Sheikh Ahmad Shoes', '300', '300', '9', '2023', '2023-09-30', '2023-09-30 07:25:40', '2023-09-30 07:25:40'),
(102, '104', 'Sheikh Faisal Shoes', '500', '500', '9', '2023', '2023-09-30', '2023-09-30 07:25:56', '2023-09-30 07:25:56'),
(103, '105', 'Mujahad Shoes', '300', '300', '9', '2023', '2023-09-30', '2023-09-30 07:26:11', '2023-09-30 07:26:11'),
(104, '106', 'Butt Garments', '500', '500', '9', '2023', '2023-09-30', '2023-09-30 07:33:25', '2023-09-30 07:33:25'),
(105, '107', 'Sunny Burton Store', '500', '500', '9', '2023', '2023-09-30', '2023-09-30 07:33:42', '2023-09-30 07:33:42'),
(106, '1', 'Mian Muhammad Amjad', '1000', '1000', '10', '2023', '2023-10-20', '2023-11-03 10:18:21', '2023-11-03 10:18:21'),
(107, '2', 'Khizar Garments Khurram Shahzad', '1000', '1000', '10', '2023', '2023-10-20', '2023-11-03 10:18:44', '2023-11-03 10:18:44'),
(108, '3', 'Prince Umair Suiting and Garments Muhammad Bilal', '1000', '1000', '10', '2023', '2023-10-20', '2023-11-03 10:19:02', '2023-11-03 10:19:02'),
(109, '4', 'Abubkr Suiting Center Umer Usman', '1500', '1500', '10', '2023', '2023-10-20', '2023-11-03 10:19:22', '2023-11-03 10:19:22'),
(110, '5', 'Umar Jweller Chand Cloth Haji Shahid', '1500', '1500', '10', '2023', '2023-10-20', '2023-11-03 10:19:41', '2023-11-03 10:19:41'),
(111, '6', 'Shahbaz Jwellers', '1000', '1000', '10', '2023', '2023-10-20', '2023-11-03 10:19:57', '2023-11-03 10:19:57'),
(112, '7', 'Ajaz Jwellers', '1000', '1000', '10', '2023', '2023-10-20', '2023-11-03 10:20:13', '2023-11-03 10:20:13'),
(113, '8', 'Abdullah Jwellers', '1000', '1000', '10', '2023', '2023-10-20', '2023-11-03 10:20:32', '2023-11-03 10:20:32'),
(114, '9', 'Irfan Jwellers', '1000', '1000', '10', '2023', '2023-10-20', '2023-11-03 10:20:50', '2023-11-03 10:20:50'),
(115, '10', 'Welcome Shoes', '1000', '1000', '10', '2023', '2023-10-20', '2023-11-03 10:21:20', '2023-11-03 10:21:20'),
(116, '11', 'Bano Shoes', '1000', '1000', '10', '2023', '2023-10-20', '2023-11-03 10:21:52', '2023-11-03 10:21:52'),
(117, '12', 'Rana Baby Care', '1000', '1000', '10', '2023', '2023-10-20', '2023-11-03 10:22:07', '2023-11-03 10:22:07'),
(118, '13', 'Dilawar Burger Baber Hussain', '1000', '1000', '10', '2023', '2023-10-20', '2023-11-03 10:22:27', '2023-11-03 10:22:27'),
(119, '14', 'Dilawer Sweets Shafkat Mehmood', '1000', '1000', '10', '2023', '2023-10-20', '2023-11-03 10:22:49', '2023-11-03 10:22:49'),
(120, '15', 'Rangai Wale Qurban Haider', '500', '500', '10', '2023', '2023-10-20', '2023-11-03 10:23:19', '2023-11-03 10:23:19'),
(121, '16', 'Abdullah Bag Center', '500', '500', '10', '2023', '2023-10-20', '2023-11-03 10:23:44', '2023-11-03 10:23:44'),
(122, '17', 'Aliyan Shoes', '500', '500', '10', '2023', '2023-10-20', '2023-11-03 10:24:16', '2023-11-03 10:24:16'),
(123, '18', 'Amjad Cloth House', '500', '500', '10', '2023', '2023-10-20', '2023-11-03 10:24:38', '2023-11-03 10:24:38'),
(124, '19', 'Al Hafz Crockery Store', '500', '500', '10', '2023', '2023-10-20', '2023-11-03 10:25:05', '2023-11-03 10:25:05'),
(125, '20', 'Shahbaz Garments', '500', '500', '10', '2023', '2023-10-20', '2023-11-03 10:25:26', '2023-11-03 10:25:26'),
(126, '21', 'Shazam Cloth', '500', '500', '10', '2023', '2023-10-20', '2023-11-03 10:25:47', '2023-11-03 10:25:47'),
(127, '22', 'Hakeema Di Hati', '500', '500', '10', '2023', '2023-10-20', '2023-11-03 10:26:10', '2023-11-03 10:26:10'),
(128, '23', 'Iman Cosmatics', '500', '500', '10', '2023', '2023-10-20', '2023-11-03 10:26:27', '2023-11-03 10:26:27'),
(129, '24', 'New Dubai Garments Hafz Luqmaan', '500', '500', '10', '2023', '2023-10-20', '2023-11-03 10:26:43', '2023-11-03 10:26:43'),
(130, '25', 'Bahadur Di Hati', '500', '500', '10', '2023', '2023-10-20', '2023-11-03 10:27:02', '2023-11-03 10:27:02'),
(131, '26', 'Madni Garments Muhammad Araf', '500', '500', '10', '2023', '2023-10-20', '2023-11-03 10:27:18', '2023-11-03 10:27:18'),
(132, '27', 'Qasim Garments', '500', '500', '10', '2023', '2023-10-20', '2023-11-03 10:27:34', '2023-11-03 10:27:34'),
(133, '28', 'Waqas Garments', '500', '500', '10', '2023', '2023-10-20', '2023-11-03 10:28:56', '2023-11-03 10:28:56'),
(134, '29', 'Haider Qasai', '500', '500', '10', '2023', '2023-10-20', '2023-11-03 10:29:13', '2023-11-03 10:29:13'),
(135, '30', 'Sufyan Cloth', '500', '500', '10', '2023', '2023-10-20', '2023-11-03 10:30:32', '2023-11-03 10:30:32'),
(136, '31', 'Hakeem Shoaib', '500', '500', '10', '2023', '2023-10-20', '2023-11-03 10:31:01', '2023-11-03 10:31:01'),
(137, '32', 'Nadar Cosmatics', '300', '300', '10', '2023', '2023-10-20', '2023-11-03 10:31:19', '2023-11-03 10:31:19'),
(138, '33', 'Chachu Akbar', '300', '300', '10', '2023', '2023-10-20', '2023-11-03 10:31:42', '2023-11-03 10:31:42'),
(139, '34', 'Ahmad Undergarments', '300', '300', '10', '2023', '2023-10-20', '2023-11-03 10:32:04', '2023-11-03 10:32:04'),
(140, '35', 'Waheed Ahmad', '300', '300', '10', '2023', '2023-11-03', '2023-11-03 10:32:18', '2023-11-03 10:32:18'),
(141, '36', 'Al Madina Garments Saleem Bhai', '300', '300', '10', '2023', '2023-10-20', '2023-11-03 10:32:38', '2023-11-03 10:32:38'),
(142, '37', 'Bandan Shoes Muhammad Zeeshan', '300', '300', '10', '2023', '2023-10-20', '2023-11-03 10:33:01', '2023-11-03 10:33:01'),
(143, '38', 'Bhai Bhai Jwellers Hamza', '300', '300', '10', '2023', '2023-10-20', '2023-11-03 10:33:24', '2023-11-03 10:33:24'),
(144, '39', 'Anmol Garments', '300', '300', '10', '2023', '2023-10-20', '2023-11-03 10:33:40', '2023-11-03 10:33:40'),
(145, '40', 'Fyaz Shoes', '300', '300', '10', '2023', '2023-10-20', '2023-11-03 10:34:01', '2023-11-03 10:34:01'),
(146, '41', 'Irfan Crockry Store', '300', '300', '10', '2023', '2023-10-20', '2023-11-03 10:34:32', '2023-11-03 10:34:32'),
(147, '42', 'Zain Bag Center', '300', '300', '10', '2023', '2023-10-20', '2023-11-03 10:34:52', '2023-11-03 10:34:52'),
(148, '43', 'Muhammad Irfan Garments', '300', '300', '10', '2023', '2023-10-20', '2023-11-03 10:35:10', '2023-11-03 10:35:10'),
(149, '44', 'Muhammad Naeem Shoes', '300', '300', '10', '2023', '2023-10-20', '2023-11-03 10:35:29', '2023-11-03 10:35:29'),
(150, '45', 'Ahsan Shoes', '300', '300', '10', '2023', '2023-10-20', '2023-11-03 10:35:45', '2023-11-03 10:35:45'),
(151, '47', 'Dubai Burkha Center', '300', '300', '10', '2023', '2023-10-20', '2023-11-03 10:36:05', '2023-11-03 10:36:05'),
(152, '48', 'Butt Suiting Center', '300', '300', '10', '2023', '2023-10-20', '2023-11-03 10:36:25', '2023-11-03 10:36:25'),
(153, '49', 'Sheikh Burton Store', '300', '300', '10', '2023', '2023-10-20', '2023-11-03 10:36:39', '2023-11-03 10:36:39'),
(154, '50', 'Mohsin Burton Store', '300', '300', '10', '2023', '2023-10-20', '2023-11-03 10:37:05', '2023-11-03 10:37:05'),
(155, '51', 'Baber Cloth House', '500', '500', '10', '2023', '2023-10-20', '2023-11-03 10:38:33', '2023-11-03 10:38:33'),
(156, '53', 'Subhan Bakers', '500', '500', '10', '2023', '2023-10-20', '2023-11-03 10:38:52', '2023-11-03 10:38:52'),
(157, '54', 'Abbas Sabzi Wala', '300', '300', '10', '2023', '2023-10-20', '2023-11-03 10:39:11', '2023-11-03 10:39:11'),
(158, '55', 'Dubai General Store', '500', '500', '10', '2023', '2023-10-20', '2023-11-03 10:39:29', '2023-11-03 10:39:29'),
(159, '56', 'Bhai Bhai Cloth Waseem and Shahid', '500', '500', '10', '2023', '2023-10-20', '2023-11-03 10:39:48', '2023-11-03 10:39:48'),
(160, '57', 'Araf Cloth', '500', '500', '10', '2023', '2023-10-20', '2023-11-03 10:40:04', '2023-11-03 10:40:04'),
(161, '58', 'Araf Mohsin Garments', '500', '500', '10', '2023', '2023-10-20', '2023-11-03 10:40:22', '2023-11-03 10:40:22'),
(162, '59', 'Shehbaz Suiting Center', '1000', '1000', '10', '2023', '2023-10-20', '2023-11-03 10:40:46', '2023-11-03 10:40:46'),
(163, '60', 'Sohail Rangai Wala', '500', '500', '10', '2023', '2023-10-20', '2023-11-03 10:41:05', '2023-11-03 10:41:05'),
(164, '61', 'Walait Gift Center Saeed Bhai', '500', '500', '10', '2023', '2023-10-20', '2023-11-03 10:41:24', '2023-11-03 10:41:24'),
(165, '62', 'Mahtaj Shoes', '500', '500', '10', '2023', '2023-10-20', '2023-11-03 10:41:43', '2023-11-03 10:41:43'),
(166, '63', 'Nawaz Shoes', '300', '300', '10', '2023', '2023-10-20', '2023-11-03 10:42:00', '2023-11-03 10:42:00'),
(167, '64', 'Jalander General Store Sajjid Bhai', '1000', '1000', '10', '2023', '2023-10-20', '2023-11-03 10:42:19', '2023-11-03 10:42:19'),
(168, '65', 'Yousaf General Store', '300', '300', '10', '2023', '2023-10-20', '2023-11-03 10:42:35', '2023-11-03 10:42:35'),
(169, '66', 'Aziz General Store', '500', '500', '10', '2023', '2023-10-20', '2023-11-03 10:42:58', '2023-11-03 10:42:58'),
(170, '67', 'Munawer Shoes', '300', '300', '10', '2023', '2023-10-20', '2023-11-03 10:43:16', '2023-11-03 10:43:16'),
(171, '68', 'Shehzad Decoration', '300', '300', '10', '2023', '2023-10-20', '2023-11-03 10:43:34', '2023-11-03 10:43:34'),
(172, '69', 'Sabzi Wala Malik Buta', '300', '300', '10', '2023', '2023-10-20', '2023-11-03 10:47:06', '2023-11-03 10:47:06'),
(173, '70', 'Shahid Shoes', '500', '500', '10', '2023', '2023-10-20', '2023-11-03 10:47:26', '2023-11-03 10:47:26'),
(174, '71', 'Malik Sabzi Wala', '250', '250', '10', '2023', '2023-10-20', '2023-11-03 10:47:50', '2023-11-03 10:47:50'),
(175, '72', 'Malik Sheraz Shoes', '250', '250', '10', '2023', '2023-10-20', '2023-11-03 10:48:10', '2023-11-03 10:48:10'),
(176, '73', 'Shah G Bangel Shop Raza Bhai', '500', '500', '10', '2023', '2023-10-20', '2023-11-03 10:48:53', '2023-11-03 10:48:53'),
(177, '74', 'Malik Garments', '500', '500', '10', '2023', '2023-10-20', '2023-11-03 10:49:16', '2023-11-03 10:49:16'),
(178, '75', 'Khan Watch Shop Hafeez', '500', '500', '10', '2023', '2023-10-20', '2023-11-03 10:49:36', '2023-11-03 10:49:36'),
(179, '76', 'Khan Shoes Hafeez', '500', '500', '10', '2023', '2023-10-20', '2023-11-03 10:49:58', '2023-11-03 10:49:58'),
(180, '77', 'Zulfiqar Cloth House', '500', '500', '10', '2023', '2023-10-20', '2023-11-03 10:50:18', '2023-11-03 10:50:18'),
(181, '78', 'Asif Pan Shop', '500', '500', '10', '2023', '2023-10-20', '2023-11-03 10:50:41', '2023-11-03 10:50:41'),
(182, '79', 'Butt Cloth House Hubaib Bhai', '1000', '1000', '10', '2023', '2023-10-20', '2023-11-03 10:51:03', '2023-11-03 10:51:03'),
(183, '80', 'Ansari Bengals Shop Shahid', '1000', '1000', '10', '2023', '2023-10-20', '2023-11-03 10:51:20', '2023-11-03 10:51:20'),
(184, '81', 'Zulifqar Suiting Center', '500', '500', '10', '2023', '2023-10-20', '2023-11-03 10:51:42', '2023-11-03 10:51:42'),
(185, '82', 'Mehboob Alahi Watch', '500', '500', '10', '2023', '2023-10-20', '2023-11-03 10:55:49', '2023-11-03 10:55:49'),
(186, '83', 'Imtiaz Jwellers', '500', '500', '10', '2023', '2023-10-20', '2023-11-04 02:21:33', '2023-11-04 02:21:33'),
(187, '84', 'Umer Butt General Store', '500', '500', '10', '2023', '2023-10-20', '2023-11-04 02:21:53', '2023-11-04 02:21:53'),
(188, '85', 'Naweed Shoes', '500', '500', '10', '2023', '2023-10-20', '2023-11-04 02:22:18', '2023-11-04 02:22:18'),
(189, '86', 'Umair Shoes', '500', '500', '10', '2023', '2023-10-20', '2023-11-04 02:22:46', '2023-11-04 02:22:46'),
(190, '87', 'Ramzan Shoes', '500', '500', '10', '2023', '2023-10-20', '2023-11-04 02:23:07', '2023-11-04 02:23:07'),
(191, '88', 'Jameel General Store', '500', '500', '10', '2023', '2023-10-20', '2023-11-04 02:23:31', '2023-11-04 02:23:31'),
(192, '90', 'Hafiz Shoes Tayyab Bhai', '500', '500', '10', '2023', '2023-10-20', '2023-11-04 02:24:11', '2023-11-04 02:24:11'),
(193, '91', 'Sheikh Shehryar Shoes', '500', '500', '10', '2023', '2023-10-20', '2023-11-04 02:24:32', '2023-11-04 02:24:32'),
(194, '92', 'Chohaan Cloth Shehzad Bhai', '500', '500', '10', '2023', '2023-10-20', '2023-11-04 02:24:57', '2023-11-04 02:24:57'),
(195, '93', 'Allah ho Cut Piece Furqan Ali', '300', '300', '10', '2023', '2023-10-20', '2023-11-04 02:25:21', '2023-11-04 02:25:21'),
(196, '94', 'Khurram Dupata Center', '300', '300', '10', '2023', '2023-10-20', '2023-11-04 02:25:41', '2023-11-04 02:25:41'),
(197, '95', 'China Shoes', '500', '500', '10', '2023', '2023-10-20', '2023-11-04 02:26:02', '2023-11-04 02:26:02'),
(198, '96', 'Bismillah Crosia Kingri Haji Imran', '300', '300', '10', '2023', '2023-10-20', '2023-11-04 02:26:22', '2023-11-04 02:26:22'),
(199, '98', 'Hira Butt Shoes', '300', '300', '10', '2023', '2023-10-20', '2023-11-04 02:26:49', '2023-11-04 02:26:49'),
(200, '99', 'Sheikh Ajaz Bag Wale', '300', '300', '10', '2023', '2023-10-20', '2023-11-04 02:27:07', '2023-11-04 02:27:07'),
(201, '100', 'Sheikh Masala Store Hamza Bhai', '300', '300', '10', '2023', '2023-10-20', '2023-11-04 02:27:24', '2023-11-04 02:27:24'),
(202, '101', 'Shaban Kaj Overlock', '300', '300', '10', '2023', '2023-10-20', '2023-11-04 02:27:51', '2023-11-04 02:27:51'),
(203, '102', 'Sheikh Usman Hozry', '300', '300', '10', '2023', '2023-10-20', '2023-11-04 02:28:14', '2023-11-04 02:28:14'),
(204, '103', 'Sheikh Ahmad Shoes', '300', '300', '10', '2023', '2023-10-20', '2023-11-04 02:28:34', '2023-11-04 02:28:34'),
(205, '104', 'Sheikh Faisal Shoes', '500', '500', '10', '2023', '2023-10-20', '2023-11-04 02:28:54', '2023-11-04 02:28:54'),
(206, '105', 'Mujahad Shoes', '300', '300', '10', '2023', '2023-10-20', '2023-11-04 02:29:20', '2023-11-04 02:29:20'),
(207, '106', 'Butt Garments', '500', '500', '10', '2023', '2023-10-20', '2023-11-04 02:29:46', '2023-11-04 02:29:46'),
(208, '107', 'Sunny Burton Store', '500', '500', '10', '2023', '2023-10-20', '2023-11-04 02:30:04', '2023-11-04 02:30:04'),
(209, '113', 'Shahzaib Shoes', '600', '600', '10', '2023', '2023-10-20', '2023-11-04 02:30:23', '2023-11-04 02:30:23'),
(210, '114', 'AR Shoes Abdullah', '300', '300', '10', '2023', '2023-10-20', '2023-11-04 02:30:40', '2023-11-04 02:30:40'),
(211, '115', 'Kareeme Khusbu Mahal Asif Bhai', '300', '300', '10', '2023', '2023-10-20', '2023-11-04 02:31:06', '2023-11-04 02:31:06'),
(212, '116', 'Shehroz Bag Center', '200', '200', '10', '2023', '2023-10-20', '2023-11-04 02:31:23', '2023-11-04 02:31:23'),
(213, '117', 'Ahmad Bed Sheet', '200', '200', '10', '2023', '2023-10-20', '2023-11-04 02:31:43', '2023-11-04 02:31:43'),
(214, '118', 'Ujalla Uniform Zulifqar', '300', '300', '10', '2023', '2023-10-20', '2023-11-04 02:31:58', '2023-11-04 02:31:58');

-- --------------------------------------------------------

--
-- Table structure for table `remaining_funds`
--

CREATE TABLE `remaining_funds` (
  `id` bigint(20) UNSIGNED NOT NULL,
  `date` varchar(255) NOT NULL,
  `amount` varchar(255) NOT NULL,
  `month` varchar(255) NOT NULL,
  `created_at` timestamp NULL DEFAULT NULL,
  `updated_at` timestamp NULL DEFAULT NULL
) ENGINE=InnoDB DEFAULT CHARSET=utf8mb4 COLLATE=utf8mb4_unicode_ci;

--
-- Dumping data for table `remaining_funds`
--

INSERT INTO `remaining_funds` (`id`, `date`, `amount`, `month`, `created_at`, `updated_at`) VALUES
(1, '2023-09-20', '24840', '9', NULL, NULL),
(2, '2023-10-20', '46750', '10', NULL, '2023-12-12 13:51:32'),
(6, 'total_amount', '29090', 'total_amount', NULL, '2023-12-12 14:14:07');

-- --------------------------------------------------------

--
-- Table structure for table `shopkeepers`
--

CREATE TABLE `shopkeepers` (
  `id` bigint(20) UNSIGNED NOT NULL,
  `name` varchar(255) DEFAULT NULL,
  `phone` varchar(255) DEFAULT NULL,
  `cnic` varchar(255) DEFAULT NULL,
  `shop_no` varchar(255) DEFAULT NULL,
  `address` text DEFAULT NULL,
  `amount` text DEFAULT NULL,
  `category` text DEFAULT NULL,
  `status` enum('Active','Inactive') NOT NULL DEFAULT 'Active',
  `deleted_at` timestamp NULL DEFAULT NULL,
  `created_at` timestamp NULL DEFAULT NULL,
  `updated_at` timestamp NULL DEFAULT NULL
) ENGINE=InnoDB DEFAULT CHARSET=utf8mb4 COLLATE=utf8mb4_unicode_ci;

--
-- Dumping data for table `shopkeepers`
--

INSERT INTO `shopkeepers` (`id`, `name`, `phone`, `cnic`, `shop_no`, `address`, `amount`, `category`, `status`, `deleted_at`, `created_at`, `updated_at`) VALUES
(1, 'Mian Muhammad Amjad', '03158211904', NULL, '1', 'Dhullay Main Bazaar Syed Pak', '1000', '[\"3\"]', 'Active', NULL, '2023-09-27 07:02:31', '2023-10-01 05:39:06'),
(2, 'Khizar Garments Khurram Shahzad', '03007473271', NULL, '2', 'Dhullay Main Bazaar Syed Pak', '1000', '[\"4\"]', 'Active', NULL, '2023-09-27 07:03:37', '2023-09-30 09:29:20'),
(3, 'Prince Umair Suiting and Garments Muhammad Bilal', '03216279383', NULL, '3', 'Dhullay Main Bazaar Syed Pak', '1000', '[\"4\",\"5\"]', 'Active', NULL, '2023-09-27 07:04:02', '2023-09-30 09:30:48'),
(4, 'Abubkr Suiting Center Umer Usman', '03066230390', NULL, '4', 'Dhullay Main Bazaar Syed Pak', '1500', '[\"5\"]', 'Active', NULL, '2023-09-27 07:05:01', '2023-09-30 09:31:07'),
(5, 'Umar Jweller Chand Cloth Haji Shahid', '03016403099', NULL, '5', 'Dhullay Main Bazaar Syed Pak', '1500', '[\"1\",\"5\"]', 'Active', NULL, '2023-09-27 07:05:27', '2023-09-30 09:31:56'),
(6, 'Shahbaz Jwellers', '03067805031', NULL, '6', 'Dhullay Main Bazaar Syed Pak', '1000', '[\"1\"]', 'Active', NULL, '2023-09-27 07:05:47', '2023-09-30 09:32:18'),
(7, 'Ajaz Jwellers', '03008649605', NULL, '7', 'Dhullay Main Bazaar Syed Pak', '1000', '[\"1\"]', 'Active', NULL, '2023-09-27 07:06:05', '2023-09-30 09:32:40'),
(8, 'Abdullah Jwellers', '03008646106', NULL, '8', 'Dhullay Main Bazaar Syed Pak', '1000', '[\"1\"]', 'Active', NULL, '2023-09-27 07:06:25', '2023-09-30 09:33:42'),
(9, 'Irfan Jwellers', '03006474502', NULL, '9', 'Dhullay Main Bazaar Syed Pak', '1000', '[\"1\"]', 'Active', NULL, '2023-09-27 07:06:41', '2023-09-30 09:34:43'),
(10, 'Welcome Shoes', '03016655609', NULL, '10', 'Dhullay Main Bazaar Syed Pak', '1000', '[\"3\"]', 'Active', NULL, '2023-09-27 07:07:01', '2023-09-30 09:36:15'),
(11, 'Bano Shoes', '03338149752', NULL, '11', 'Dhullay Main Bazaar Syed Pak', '1000', '[\"3\"]', 'Active', NULL, '2023-09-27 07:07:19', '2023-09-30 09:40:05'),
(12, 'Rana Baby Care', '03136480791', NULL, '12', 'Dhullay Main Bazaar Syed Pak', '1000', '[\"23\"]', 'Active', NULL, '2023-09-27 07:07:37', '2023-10-01 05:49:00'),
(13, 'Dilawar Burger Baber Hussain', '03006492623', NULL, '13', 'Dhullay Main Bazaar Syed Pak', '1000', '[\"6\"]', 'Active', NULL, '2023-09-27 07:07:55', '2023-10-01 05:24:19'),
(14, 'Dilawer Sweets Shafkat Mehmood', '03006477212', NULL, '14', 'Dhullay Main Bazaar Syed Pak', '1000', '[\"7\"]', 'Active', NULL, '2023-09-27 07:08:13', '2023-10-01 05:24:38'),
(15, 'Rangai Wale Qurban Haider', '03054815250', NULL, '15', 'Dhullay Main Bazaar Syed Pak', '500', '[\"8\"]', 'Active', NULL, '2023-09-27 07:08:33', '2023-10-01 05:25:15'),
(16, 'Abdullah Bag Center', '03157645572', NULL, '16', 'Dhullay Main Bazaar Syed Pak', '500', '[\"9\"]', 'Active', NULL, '2023-09-27 07:08:50', '2023-10-01 05:25:33'),
(17, 'Aliyan Shoes', '03002709932', NULL, '17', 'Dhullay Main Bazaar Syed Pak', '500', '[\"3\"]', 'Active', NULL, '2023-09-27 07:09:09', '2023-09-30 09:40:31'),
(18, 'Amjad Cloth House', '03076134713', NULL, '18', 'Dhullay Main Bazaar Syed Pak', '500', '[\"5\"]', 'Active', NULL, '2023-09-27 07:09:38', '2023-09-30 09:41:04'),
(19, 'Al Hafz Crockery Store', '03006436963', NULL, '19', 'Dhullay Main Bazaar Syed Pak', '500', '[\"10\"]', 'Active', NULL, '2023-09-27 07:09:56', '2023-10-01 05:26:00'),
(20, 'Shahbaz Garments', '03006499018', NULL, '20', 'Dhullay Main Bazaar Syed Pak', '500', '[\"4\"]', 'Active', NULL, '2023-09-27 07:10:16', '2023-09-30 09:41:24'),
(21, 'Shazam Cloth', '03036867818', NULL, '21', 'Dhullay Main Bazaar Syed Pak', '500', '[\"5\"]', 'Active', NULL, '2023-09-27 07:10:34', '2023-09-30 09:41:56'),
(22, 'Hakeema Di Hati Ali', '03150107200', NULL, '22', 'Dhullay Main Bazaar Syed Pak', '500', '[\"11\"]', 'Active', NULL, '2023-09-27 07:10:54', '2023-12-12 10:08:49'),
(23, 'Iman Cosmatics', '03107194650', NULL, '23', 'Dhullay Main Bazaar Syed Pak', '500', '[\"12\"]', 'Active', NULL, '2023-09-27 07:11:11', '2023-10-01 05:26:50'),
(24, 'New Dubai Garments Hafz Luqmaan', '03217473271', NULL, '24', 'Dhullay Main Bazaar Syed Pak', '500', '[\"4\"]', 'Active', NULL, '2023-09-27 07:11:33', '2023-09-30 09:42:19'),
(25, 'Bahadur Di Hati', '03030958168', NULL, '25', 'Dhullay Main Bazaar Syed Pak', '500', '[\"11\"]', 'Active', NULL, '2023-09-27 07:11:51', '2023-10-01 05:27:14'),
(26, 'Madni Garments Muhammad Araf', '03103537000', NULL, '26', 'Dhullay Main Bazaar Syed Pak', '500', '[\"4\"]', 'Active', NULL, '2023-09-27 07:12:09', '2023-09-30 09:42:40'),
(27, 'Qasim Garments', '03127169742', NULL, '27', 'Dhullay Main Bazaar Syed Pak', '500', '[\"4\"]', 'Active', NULL, '2023-09-27 07:12:26', '2023-09-30 09:43:21'),
(28, 'Waqas Garments', '03066671365', NULL, '28', 'Dhullay Main Bazaar Syed Pak', '500', '[\"4\"]', 'Active', NULL, '2023-09-27 07:12:44', '2023-09-30 09:43:39'),
(29, 'Haider Qasai', '03012555700', NULL, '29', 'Dhullay Main Bazaar Syed Pak', '500', '[\"13\"]', 'Active', NULL, '2023-09-27 07:13:02', '2023-10-01 05:27:34'),
(30, 'Sufyan Cloth', '03167240042', NULL, '30', 'Dhullay Main Bazaar Syed Pak', '500', '[\"5\"]', 'Active', NULL, '2023-09-27 07:13:23', '2023-09-30 09:43:58'),
(31, 'Hakeem Shoaib', '03016683663', NULL, '31', 'Dhullay Main Bazaar Syed Pak', '500', '[\"24\"]', 'Active', NULL, '2023-09-27 07:13:41', '2023-10-01 05:49:26'),
(32, 'Nadar Cosmatics', '03440840101', NULL, '32', 'Dhullay Main Bazaar Syed Pak', '300', '[\"12\"]', 'Active', NULL, '2023-09-27 07:14:01', '2023-10-01 05:28:11'),
(33, 'Chachu Akbar', '03279935095', NULL, '33', 'Dhullay Main Bazaar Syed Pak', '300', '[\"16\"]', 'Active', NULL, '2023-09-27 07:18:08', '2023-10-01 06:27:08'),
(34, 'Ahmad Undergarments', '03016655476', NULL, '34', 'Dhullay Main Bazaar Syed Pak', '300', '[\"14\"]', 'Active', NULL, '2023-09-27 07:18:25', '2023-10-01 05:28:33'),
(35, 'Waheed Ahmad', '03034908225', NULL, '35', 'Dhullay Main Bazaar Syed Pak', '300', '[\"25\"]', 'Active', NULL, '2023-09-27 07:18:45', '2023-10-01 06:25:33'),
(36, 'Al Madina Garments Saleem Bhai', '03016680636', NULL, '36', 'Dhullay Main Bazaar Syed Pak', '300', '[\"4\"]', 'Active', NULL, '2023-09-27 07:21:00', '2023-09-30 09:44:32'),
(37, 'Bandan Shoes Muhammad Zeeshan', '03316478272', NULL, '37', 'Dhullay Main Bazaar Syed Pak', '300', '[\"3\"]', 'Active', NULL, '2023-09-27 07:21:33', '2023-09-30 09:44:52'),
(38, 'Bhai Bhai Jwellers Hamza', '03117523540', NULL, '38', 'Dhullay Main Bazaar Syed Pak', '300', '[\"1\"]', 'Active', NULL, '2023-09-27 07:21:53', '2023-09-30 09:48:14'),
(39, 'Anmol Garments', '03090695651', NULL, '39', 'Dhullay Main Bazaar Syed Pak', '300', '[\"4\"]', 'Active', NULL, '2023-09-27 07:25:07', '2023-09-30 09:48:48'),
(40, 'Fyaz Shoes', '03046279069', NULL, '40', 'Dhullay Main Bazaar Syed Pak', '300', '[\"3\"]', 'Active', NULL, '2023-09-27 07:29:02', '2023-09-30 09:49:12'),
(41, 'Irfan Crockry Store', '03338230270', NULL, '41', 'Dhullay Main Bazaar Syed Pak', '300', '[\"10\"]', 'Active', NULL, '2023-09-27 07:29:20', '2023-10-01 05:29:00'),
(42, 'Zain Bag Center', '03206200717', NULL, '42', 'Dhullay Main Bazaar Syed Pak', '300', '[\"9\"]', 'Active', NULL, '2023-09-27 07:29:36', '2023-10-01 05:29:21'),
(43, 'Muhammad Irfan Garments', '03062790003', NULL, '43', 'Dhullay Main Bazaar Syed Pak', '300', '[\"4\"]', 'Active', NULL, '2023-09-27 07:29:52', '2023-09-30 09:50:18'),
(44, 'Muhammad Naeem Shoes', '03046239690', NULL, '44', 'Dhullay Main Bazaar Syed Pak', '300', '[\"3\"]', 'Active', NULL, '2023-09-27 07:30:09', '2023-09-30 09:52:47'),
(45, 'Ahsan Shoes', '03029198093', NULL, '45', 'Dhullay Main Bazaar Syed Pak', '300', '[\"3\"]', 'Active', NULL, '2023-09-27 07:30:29', '2023-09-30 09:53:13'),
(46, 'Ramzan Suiting Center', '03191099496', NULL, '46', 'Dhullay Main Bazaar Syed Pak', '300', '[\"5\"]', 'Inactive', NULL, '2023-09-27 07:30:46', '2023-10-19 11:25:35'),
(47, 'Dubai Burkha Center', '03144569531', NULL, '47', 'Dhullay Main Bazaar Syed Pak', '300', '[\"5\"]', 'Active', NULL, '2023-09-27 07:31:04', '2023-10-01 05:29:59'),
(48, 'Butt Suiting Center', '03016496421', NULL, '48', 'Dhullay Main Bazaar Syed Pak', '300', '[\"5\"]', 'Active', NULL, '2023-09-27 07:31:23', '2023-09-30 09:53:55'),
(49, 'Sheikh Shahid Burton Store', '03066602400', NULL, '49', 'Dhullay Main Bazaar Syed Pak', '300', '[\"10\"]', 'Active', NULL, '2023-09-27 07:32:01', '2023-12-12 10:07:32'),
(50, 'Mohsin Burton Store', '03086187507', NULL, '50', 'Dhullay Main Bazaar Syed Pak', '300', '[\"10\"]', 'Active', NULL, '2023-09-27 07:32:18', '2023-10-19 11:30:36'),
(51, 'Baber Cloth House', '03249709728', NULL, '51', 'Dhullay Main Bazaar Syed Pak', '500', '[\"5\"]', 'Active', NULL, '2023-09-27 07:32:40', '2023-09-30 09:54:19'),
(53, 'Subhan Bakers', '03066498009', NULL, '52', 'Dhullay Main Bazaar Syed Pak', '500', '[\"15\"]', 'Active', NULL, '2023-09-27 10:50:26', '2023-10-01 05:31:13'),
(54, 'Abbas Sabzi Wala', '03139010064', NULL, '53', 'Dhullay Main Bazaar Syed Pak', '300', '[\"16\"]', 'Active', NULL, '2023-09-27 10:50:55', '2023-10-01 05:31:33'),
(55, 'Dubai General Store', '03156058154', NULL, '54', 'Dhullay Main Bazaar Syed Pak', '500', '[\"2\"]', 'Active', NULL, '2023-09-27 10:51:32', '2023-10-01 05:31:56'),
(56, 'Waseem Cloth', '03127227650', NULL, '55', 'Dhullay Main Bazaar Syed Pak', '1000', '[\"5\"]', 'Active', NULL, '2023-09-27 10:53:24', '2023-12-12 09:58:20'),
(57, 'Araf Cloth', '03006401272', NULL, '56', 'Dhullay Main Bazaar Syed Pak', '500', '[\"5\"]', 'Active', NULL, '2023-09-27 10:54:53', '2023-09-30 10:00:40'),
(58, 'Araf Mohsin Garments', '03079067785', NULL, '57', 'Dhullay Main Bazaar Syed Pak', '500', '[\"4\"]', 'Active', NULL, '2023-09-27 10:55:48', '2023-09-30 10:01:58'),
(59, 'Shehbaz Suiting Center', '03237407522', NULL, '58', 'Dhullay Main Bazaar Syed Pak', '1000', '[\"5\"]', 'Active', NULL, '2023-09-27 10:56:20', '2023-09-30 10:04:29'),
(60, 'Sohail Rangai Wala', '03007424911', NULL, '59', 'Dhullay Main Bazaar Syed Pak', '500', '[\"8\"]', 'Active', NULL, '2023-09-27 10:56:48', '2023-10-01 05:32:19'),
(61, 'Walait Gift Center Saeed Bhai', '03127665419', NULL, '60', 'Dhullay Main Bazaar Syed Pak', '500', '[\"12\"]', 'Active', NULL, '2023-09-27 10:57:48', '2023-10-01 05:32:40'),
(62, 'Mahtaj Shoes', '03055352902', NULL, '61', 'Dhullay Main Bazaar Syed Pak', '500', '[\"3\"]', 'Active', NULL, '2023-09-27 10:58:23', '2023-09-30 10:04:59'),
(63, 'Nawaz Shoes', '03077211177', NULL, '62', 'Dhullay Main Bazaar Syed Pak', '300', '[\"3\"]', 'Inactive', NULL, '2023-09-27 10:58:55', '2023-12-12 12:02:50'),
(64, 'Jalander General Store Sajjid Bhai', '03007476349', NULL, '63', 'Dhullay Main Bazaar Syed Pak', '1000', '[\"2\"]', 'Active', NULL, '2023-09-27 10:59:37', '2023-10-01 05:33:04'),
(65, 'Yousaf General Store', '03287165441', NULL, '64', 'Dhullay Main Bazaar Syed Pak', '300', '[\"2\"]', 'Active', NULL, '2023-09-27 11:00:04', '2023-10-19 11:26:45'),
(66, 'Aziz General Store', '03090001475', NULL, '65', 'Dhullay Main Bazaar Syed Pak', '500', '[\"2\"]', 'Active', NULL, '2023-09-27 11:00:40', '2023-10-01 05:33:41'),
(67, 'Munawer Shoes', '03217445223', NULL, '66', 'Dhullay Main Bazaar Syed Pak', '500', '[\"3\"]', 'Active', NULL, '2023-09-27 11:01:09', '2023-12-12 09:54:57'),
(68, 'Shehzad Decoration', '03056205650', NULL, '67', 'Dhullay Main Bazaar Syed Pak', '300', '[\"18\"]', 'Active', NULL, '2023-09-27 11:01:37', '2023-10-01 05:33:59'),
(69, 'Sabzi Wala Malik Buta', '03036378174', NULL, '68', 'Dhullay Main Bazaar Syed Pak', '300', '[\"16\"]', 'Active', NULL, '2023-09-27 11:02:22', '2023-10-01 05:34:25'),
(70, 'Shahid Shoes', '03246107947', NULL, '69', 'Dhullay Main Bazaar Syed Pak', '500', '[\"3\"]', 'Active', NULL, '2023-09-27 11:02:54', '2023-09-30 10:07:05'),
(71, 'Malik Sabzi Wala', '03163273850', NULL, '70', 'Dhullay Main Bazaar Syed Pak', '250', '[\"16\"]', 'Active', NULL, '2023-09-27 11:04:47', '2023-10-01 05:34:49'),
(72, 'Malik Sheraz Shoes', '03163275850', NULL, '71', 'Dhullay Main Bazaar Syed Pak', '250', '[\"3\"]', 'Active', NULL, '2023-09-27 11:05:14', '2023-09-30 10:08:25'),
(73, 'Shah G Bangel Shop Raza Bhai', '03006418683', NULL, '72', 'Dhullay Main Bazaar Syed Pak', '500', '[\"19\"]', 'Active', NULL, '2023-09-27 11:07:48', '2023-10-01 05:35:16'),
(74, 'Malik Garments', '03009645878', NULL, '73', 'Dhullay Main Bazaar Syed Pak', '500', '[\"4\"]', 'Active', NULL, '2023-09-27 11:08:23', '2023-09-30 10:09:03'),
(75, 'Khan Watch Shop Hafeez', '03054218361', NULL, '74', 'Dhullay Main Bazaar Syed Pak', '500', '[\"20\"]', 'Active', NULL, '2023-09-27 11:09:35', '2023-10-01 05:35:39'),
(76, 'Khan Shoes Hafeez', '03038819571', NULL, '75', 'Dhullay Main Bazaar Syed Pak', '500', '[\"3\"]', 'Active', NULL, '2023-09-27 11:10:20', '2023-09-30 10:09:57'),
(77, 'Zulfiqar Bhatti Cloth House', '03095290804', NULL, '76', 'Dhullay Main Bazaar Syed Pak', '500', '[\"5\"]', 'Active', NULL, '2023-09-27 11:10:52', '2023-12-12 10:49:41'),
(78, 'Asif Pan Shop', '03316565600', NULL, '77', 'Dhullay Main Bazaar Syed Pak', '500', '[\"21\"]', 'Active', NULL, '2023-09-27 11:11:27', '2023-10-01 05:36:01'),
(79, 'Butt Cloth House Hubaib Bhai', '03007471478', NULL, '78', 'Dhullay Main Bazaar Syed Pak', '1000', '[\"5\"]', 'Active', NULL, '2023-09-27 11:12:08', '2023-09-30 10:11:25'),
(80, 'Ansari Bengals Shop Shahid', '03153174853', NULL, '79', 'Dhullay Main Bazaar Syed Pak', '1000', '[\"19\"]', 'Active', NULL, '2023-09-27 11:13:16', '2023-10-01 05:36:23'),
(81, 'Zulifqar Suiting Center', '03134511950', NULL, '80', 'Dhullay Main Bazaar Syed Pak', '500', '[\"5\"]', 'Active', NULL, '2023-09-27 11:14:22', '2023-09-30 10:11:47'),
(82, 'Mehboob Alahi Watch', '03009684814', NULL, '81', 'Dhullay Main Bazaar Syed Pak', '500', '[\"20\"]', 'Active', NULL, '2023-09-27 11:20:03', '2023-10-01 05:36:45'),
(83, 'Imtiaz Jwellers', '03006495438', NULL, '82', 'Dhullay Main Bazaar Syed Pak', '1000', '[\"1\"]', 'Active', NULL, '2023-09-27 11:20:49', '2023-12-12 09:52:01'),
(84, 'Umer Butt General Store', '03334904533', NULL, '83', 'Dhullay Main Bazaar Syed Pak', '500', '[\"2\"]', 'Active', NULL, '2023-09-27 11:21:25', '2023-10-01 05:37:08'),
(85, 'Naweed Shoes', '03006419848', NULL, '84', 'Dhullay Main Bazaar Syed Pak', '500', '[\"3\"]', 'Active', NULL, '2023-09-27 11:21:50', '2023-10-01 05:37:46'),
(86, 'Umair Shoes', '03026610583', NULL, '85', 'Dhullay Main Bazaar Syed Pak', '500', '[\"3\"]', 'Active', NULL, '2023-09-27 11:22:17', '2023-10-01 05:38:39'),
(87, 'Ramzan Shoes', '03026489161', NULL, '86', 'Dhullay Main Bazaar Syed Pak', '500', '[\"3\"]', 'Active', NULL, '2023-09-27 11:22:40', '2023-10-01 05:39:50'),
(88, 'Jameel General Store', '03117690956', NULL, '87', 'Dhullay Main Bazaar Syed Pak', '500', '[\"2\"]', 'Active', NULL, '2023-09-27 11:23:12', '2023-10-01 05:40:12'),
(89, 'Kaka Shoes Salman Ahmad', '03246987965', NULL, '88', 'Dhullay Main Bazaar Syed Pak', '500', '[\"3\"]', 'Active', NULL, '2023-09-27 11:26:22', '2023-12-12 09:34:40'),
(90, 'Hafiz Shoes Tayyab Bhai', '03008745005', NULL, '89', 'Dhullay Main Bazaar Syed Pak', '500', '[\"3\"]', 'Inactive', NULL, '2023-09-27 11:26:55', '2023-12-12 12:02:30'),
(91, 'Sheikh Shehryar Shoes', '03228818426', NULL, '90', 'Dhullay Main Bazaar Syed Pak', '500', '[\"3\"]', 'Active', NULL, '2023-09-27 11:27:37', '2023-10-01 05:41:22'),
(92, 'Chohaan Cloth Shehzad Bhai', '03351700632', NULL, '91', 'Dhullay Main Bazaar Syed Pak', '500', '[\"5\"]', 'Active', NULL, '2023-09-27 11:28:51', '2023-10-01 05:41:47'),
(93, 'Allah ho Cut Piece Furqan Ali', '03207980608', NULL, '92', 'Dhullay Main Bazaar Syed Pak', '300', '[\"5\"]', 'Active', NULL, '2023-09-27 11:30:57', '2023-10-01 05:43:07'),
(94, 'Khurram Dupata Center', '03456462383', NULL, '93', 'Dhullay Main Bazaar Syed Pak', '300', '[\"5\"]', 'Active', NULL, '2023-09-27 11:31:26', '2023-10-01 05:43:30'),
(95, 'China Shoes', '03156160015', NULL, '94', 'Dhullay Main Bazaar Syed Pak', '500', '[\"3\"]', 'Active', NULL, '2023-09-27 11:33:50', '2023-10-01 05:43:52'),
(96, 'Bismillah Crosia Kingri Haji Imran', '03026473177', NULL, '95', 'Dhullay Main Bazaar Syed Pak', '300', '[\"22\"]', 'Active', NULL, '2023-09-27 11:36:22', '2023-10-01 05:44:15'),
(97, 'Rizwan Shoes', '03061100901', NULL, '96', 'Dhullay Main Bazaar Syed Pak', NULL, '[\"3\"]', 'Inactive', NULL, '2023-09-27 11:39:13', '2023-12-12 09:37:53'),
(98, 'Hira Butt Shoes', '03066694801', NULL, '97', 'Dhullay Main Bazaar Syed Pak', '300', '[\"3\"]', 'Active', NULL, '2023-09-27 11:39:40', '2023-10-01 05:44:57'),
(99, 'Sheikh Ajaz Bag Wale', '03258369044', NULL, '98', 'Dhullay Main Bazaar Syed Pak', '300', '[\"9\"]', 'Active', NULL, '2023-09-27 11:40:24', '2023-10-01 05:45:22'),
(100, 'Sheikh Masala Store Hamza Bhai', '03028537415', NULL, '99', 'Dhullay Main Bazaar Syed Pak', '300', '[\"2\"]', 'Active', NULL, '2023-09-27 11:41:35', '2023-10-01 05:45:43'),
(101, 'Shaban Kaj Overlock', '03007445487', NULL, '100', 'Dhullay Main Bazaar Syed Pak', '300', '[\"22\"]', 'Active', NULL, '2023-09-27 11:42:32', '2023-10-01 05:46:02'),
(102, 'Sheikh Usman Hozry', '03246403607', NULL, '101', 'Dhullay Main Bazaar Syed Pak', '300', '[\"4\"]', 'Active', NULL, '2023-09-27 11:43:15', '2023-10-01 06:26:04'),
(103, 'Sheikh Ahmad Shoes', '03207713905', NULL, '102', 'Dhullay Main Bazaar Syed Pak', '300', '[\"3\"]', 'Active', NULL, '2023-09-27 11:43:39', '2023-10-01 05:46:29'),
(104, 'Sheikh Faisal Shoes', '03207414000', NULL, '103', 'Dhullay Main Bazaar Syed Pak', '500', '[\"3\"]', 'Active', NULL, '2023-09-27 11:44:08', '2023-10-01 05:47:09'),
(105, 'Mujahad Shoes', '03011885683', NULL, '104', 'Dhullay Main Bazaar Syed Pak', '300', '[\"3\"]', 'Active', NULL, '2023-09-27 11:44:32', '2023-10-01 05:47:25'),
(106, 'Butt Garments', '03132424432', NULL, '105', 'Dhullay Main Bazaar Syed Pak', '500', '[\"4\"]', 'Active', NULL, '2023-09-27 11:45:21', '2023-10-01 05:47:44'),
(107, 'Sunny Burton Store', '03076604139', NULL, '106', 'Dhullay Main Bazaar Syed Pak', '500', '[\"10\"]', 'Active', NULL, '2023-09-27 11:46:18', '2023-10-01 05:48:02'),
(113, 'Shahzaib Shoes', '03106332404', NULL, '107', 'Dulley Main Bazaar Syed Pak', '300', '[\"3\"]', 'Active', NULL, '2023-10-19 11:15:08', '2023-12-12 10:11:58'),
(114, 'AR Shoes Abdullah', '03106489161', NULL, '108', 'Dulley Main Bazaar Syed Pak', '300', NULL, 'Active', NULL, '2023-10-19 11:15:50', '2023-10-19 11:15:50'),
(115, 'Kareeme Khusbu Mahal Asif Bhai', '03009611794', NULL, '109', 'Dulley Main Bazaar Syed Pak', '300', '[\"12\"]', 'Active', NULL, '2023-10-19 11:17:08', '2023-10-19 12:04:54'),
(116, 'Ali Husnain Bag Center', '03016884287', NULL, '110', 'Dulley Main Bazaar Syed Pak', '200', '[\"9\"]', 'Active', NULL, '2023-10-19 11:19:59', '2023-12-12 10:11:14'),
(117, 'Ahmad Bed Sheet', '03349391215', NULL, '111', 'Dulley Main Bazaar Syed Pak', '200', '[\"5\"]', 'Active', NULL, '2023-10-19 11:21:29', '2023-10-19 12:05:50'),
(118, 'Ujalla Uniform Zulifqar', '03127205970', NULL, '112', 'Dulley Main Bazaar Syed Pak', '300', '[\"4\"]', 'Active', NULL, '2023-10-19 11:22:54', '2023-10-19 12:06:05'),
(119, 'Khalid Sabzi Wala', '03001234567', NULL, '113', 'Dhullay Main Bazaar Syed Pak', '300', NULL, 'Active', NULL, '2023-12-12 10:19:09', '2023-12-12 10:19:09'),
(120, 'Ali Garments', '03026624074', NULL, '114', 'Dhullay Main Bazaar Syed Pak', '500', NULL, 'Active', NULL, '2023-12-12 10:20:50', '2023-12-12 10:20:50'),
(121, 'Shahid Cloth', '03086567367', NULL, '115', 'Dhullay Main Bazaar Syed Pak', '500', NULL, 'Active', NULL, '2023-12-12 10:21:24', '2023-12-12 10:21:24');

-- --------------------------------------------------------

--
-- Table structure for table `users`
--

CREATE TABLE `users` (
  `id` bigint(20) UNSIGNED NOT NULL,
  `name` varchar(255) NOT NULL,
  `email` varchar(255) NOT NULL,
  `email_verified_at` timestamp NULL DEFAULT NULL,
  `password` varchar(255) NOT NULL,
  `remember_token` varchar(100) DEFAULT NULL,
  `created_at` timestamp NULL DEFAULT NULL,
  `updated_at` timestamp NULL DEFAULT NULL
) ENGINE=InnoDB DEFAULT CHARSET=utf8mb4 COLLATE=utf8mb4_unicode_ci;

--
-- Dumping data for table `users`
--

INSERT INTO `users` (`id`, `name`, `email`, `email_verified_at`, `password`, `remember_token`, `created_at`, `updated_at`) VALUES
(1, 'Admin', 'admin@gmail.com', '2023-09-12 10:46:26', '$2y$10$oSaO7074u5Ap/fa6bWLG9O9em7UDLZoXzMJfAkj16z1uBXqmt/38G', 'ODlUV3aPcW31uoIewJpcWzKnlZ1cJJyrhif9QffbM0JmD9TLHMVYmfRSHofM', '2023-09-12 10:46:26', '2023-12-12 09:25:16');

--
-- Indexes for dumped tables
--

--
-- Indexes for table `accounts`
--
ALTER TABLE `accounts`
  ADD PRIMARY KEY (`id`);

--
-- Indexes for table `categories`
--
ALTER TABLE `categories`
  ADD PRIMARY KEY (`id`);

--
-- Indexes for table `category_shopkeeper`
--
ALTER TABLE `category_shopkeeper`
  ADD PRIMARY KEY (`id`),
  ADD KEY `category_shopkeeper_category_id_foreign` (`category_id`),
  ADD KEY `category_shopkeeper_shopkeeper_id_foreign` (`shopkeeper_id`);

--
-- Indexes for table `expenses`
--
ALTER TABLE `expenses`
  ADD PRIMARY KEY (`id`);

--
-- Indexes for table `failed_jobs`
--
ALTER TABLE `failed_jobs`
  ADD PRIMARY KEY (`id`),
  ADD UNIQUE KEY `failed_jobs_uuid_unique` (`uuid`);

--
-- Indexes for table `funds`
--
ALTER TABLE `funds`
  ADD PRIMARY KEY (`id`);

--
-- Indexes for table `migrations`
--
ALTER TABLE `migrations`
  ADD PRIMARY KEY (`id`);

--
-- Indexes for table `password_reset_tokens`
--
ALTER TABLE `password_reset_tokens`
  ADD PRIMARY KEY (`email`);

--
-- Indexes for table `personal_access_tokens`
--
ALTER TABLE `personal_access_tokens`
  ADD PRIMARY KEY (`id`),
  ADD UNIQUE KEY `personal_access_tokens_token_unique` (`token`),
  ADD KEY `personal_access_tokens_tokenable_type_tokenable_id_index` (`tokenable_type`,`tokenable_id`);

--
-- Indexes for table `recieve_funds`
--
ALTER TABLE `recieve_funds`
  ADD PRIMARY KEY (`id`);

--
-- Indexes for table `remaining_funds`
--
ALTER TABLE `remaining_funds`
  ADD PRIMARY KEY (`id`);

--
-- Indexes for table `shopkeepers`
--
ALTER TABLE `shopkeepers`
  ADD PRIMARY KEY (`id`),
  ADD UNIQUE KEY `shopkeepers_cnic_unique` (`cnic`);

--
-- Indexes for table `users`
--
ALTER TABLE `users`
  ADD PRIMARY KEY (`id`),
  ADD UNIQUE KEY `users_email_unique` (`email`);

--
-- AUTO_INCREMENT for dumped tables
--

--
-- AUTO_INCREMENT for table `accounts`
--
ALTER TABLE `accounts`
  MODIFY `id` bigint(20) UNSIGNED NOT NULL AUTO_INCREMENT, AUTO_INCREMENT=2;

--
-- AUTO_INCREMENT for table `categories`
--
ALTER TABLE `categories`
  MODIFY `id` bigint(20) UNSIGNED NOT NULL AUTO_INCREMENT, AUTO_INCREMENT=26;

--
-- AUTO_INCREMENT for table `category_shopkeeper`
--
ALTER TABLE `category_shopkeeper`
  MODIFY `id` bigint(20) UNSIGNED NOT NULL AUTO_INCREMENT, AUTO_INCREMENT=118;

--
-- AUTO_INCREMENT for table `expenses`
--
ALTER TABLE `expenses`
  MODIFY `id` bigint(20) UNSIGNED NOT NULL AUTO_INCREMENT, AUTO_INCREMENT=15;

--
-- AUTO_INCREMENT for table `failed_jobs`
--
ALTER TABLE `failed_jobs`
  MODIFY `id` bigint(20) UNSIGNED NOT NULL AUTO_INCREMENT;

--
-- AUTO_INCREMENT for table `funds`
--
ALTER TABLE `funds`
  MODIFY `id` bigint(20) UNSIGNED NOT NULL AUTO_INCREMENT, AUTO_INCREMENT=335;

--
-- AUTO_INCREMENT for table `migrations`
--
ALTER TABLE `migrations`
  MODIFY `id` int(10) UNSIGNED NOT NULL AUTO_INCREMENT, AUTO_INCREMENT=24;

--
-- AUTO_INCREMENT for table `personal_access_tokens`
--
ALTER TABLE `personal_access_tokens`
  MODIFY `id` bigint(20) UNSIGNED NOT NULL AUTO_INCREMENT;

--
-- AUTO_INCREMENT for table `recieve_funds`
--
ALTER TABLE `recieve_funds`
  MODIFY `id` bigint(20) UNSIGNED NOT NULL AUTO_INCREMENT, AUTO_INCREMENT=283;

--
-- AUTO_INCREMENT for table `remaining_funds`
--
ALTER TABLE `remaining_funds`
  MODIFY `id` bigint(20) UNSIGNED NOT NULL AUTO_INCREMENT, AUTO_INCREMENT=7;

--
-- AUTO_INCREMENT for table `shopkeepers`
--
ALTER TABLE `shopkeepers`
  MODIFY `id` bigint(20) UNSIGNED NOT NULL AUTO_INCREMENT, AUTO_INCREMENT=122;

--
-- AUTO_INCREMENT for table `users`
--
ALTER TABLE `users`
  MODIFY `id` bigint(20) UNSIGNED NOT NULL AUTO_INCREMENT, AUTO_INCREMENT=2;

--
-- Constraints for dumped tables
--

--
-- Constraints for table `category_shopkeeper`
--
ALTER TABLE `category_shopkeeper`
  ADD CONSTRAINT `category_shopkeeper_category_id_foreign` FOREIGN KEY (`category_id`) REFERENCES `categories` (`id`),
  ADD CONSTRAINT `category_shopkeeper_shopkeeper_id_foreign` FOREIGN KEY (`shopkeeper_id`) REFERENCES `shopkeepers` (`id`);
COMMIT;

/*!40101 SET CHARACTER_SET_CLIENT=@OLD_CHARACTER_SET_CLIENT */;
/*!40101 SET CHARACTER_SET_RESULTS=@OLD_CHARACTER_SET_RESULTS */;
/*!40101 SET COLLATION_CONNECTION=@OLD_COLLATION_CONNECTION */;
